{
  "difficulty_score": 0.8888888888888888,
  "progression_rate": 0.5,
  "xp_balance": 0.006303493354390924,
  "reward_balance": 0.3725531616468001,
  "challenge_curve": 1.0,
  "player_engagement": 0,
  "overall_score": 0.6030325618067871
}