{
  "difficulty_score": 0.7619047619047619,
  "progression_rate": 0.5,
  "xp_balance": 0.009905489556900023,
  "reward_balance": 0.287609874580135,
  "challenge_curve": 1.0,
  "player_engagement": 0,
  "overall_score": 0.5525987695745908
}