{
  "difficulty_score": 0.8888888888888888,
  "progression_rate": 0.5,
  "xp_balance": 0.01139654628336019,
  "reward_balance": 0.986939059095687,
  "challenge_curve": 1.0,
  "player_engagement": 0.7913888888888889,
  "overall_score": 0.7277785014543584
}