{
  "difficulty_score": 0.7619047619047619,
  "progression_rate": 0.5,
  "xp_balance": 0.013087520498592976,
  "reward_balance": 0,
  "challenge_curve": 1.0,
  "player_engagement": 0,
  "overall_score": 0.512093694575909
}