{
  "difficulty_score": 0.8888888888888888,
  "progression_rate": 0.5,
  "xp_balance": 0.0049063479572094195,
  "reward_balance": 0.5411922450977893,
  "challenge_curve": 1.0,
  "player_engagement": 0,
  "overall_score": 0.6190489952449991
}