{
  "difficulty_score": 0.8888888888888888,
  "progression_rate": 0.5,
  "xp_balance": 0.04111702130727407,
  "reward_balance": 0.04706379397616001,
  "challenge_curve": 1.0,
  "player_engagement": 0.30619444444444444,
  "overall_score": 0.56748158446899
}